phrase,type,theme,sources
attribution in digital marketing,keyword,attribution,trends
attribution marketing example,keyword,attribution,trends
Attribution meaning,keyword,attribution,related_search
attribution model example,keyword,attribution,autocomplete
Attribution models in digital marketing,keyword,attribution,related_search
Attribution report,keyword,attribution,related_search
b2b marketing attribution,keyword,attribution,discovery;trends
Customer attribution model,keyword,attribution,related_search
Data-driven attribution,keyword,attribution,related_search
how to attribute revenue to a business,keyword,attribution,autocomplete
how to attribute revenue to a company,keyword,attribution,autocomplete
how to attribute revenue to a product,keyword,attribution,autocomplete
how to attribute revenue to a project,keyword,attribution,autocomplete
how to attribute revenue to date,keyword,attribution,autocomplete
how to attribute revenue to rise because,keyword,attribution,autocomplete
HubSpot attribution models,keyword,attribution,related_search
Hubspot multi touch revenue attribution,keyword,attribution,related_search
Hubspot what is the purpose of contact create attribution reports,keyword,attribution,related_search
Linear attribution,keyword,attribution,related_search
Linear attribution model,keyword,attribution,related_search
marketing attribution,keyword,attribution,autocomplete;discovery;related_search
Marketing Attribution company,keyword,attribution,related_search
marketing attribution dashboard,keyword,attribution,autocomplete
marketing attribution llc,keyword,attribution,autocomplete;related_search
marketing attribution meaning,keyword,attribution,autocomplete;trends
marketing attribution methodologies,keyword,attribution,autocomplete
Marketing attribution model,keyword,attribution,related_search;trends
marketing attribution models,keyword,attribution,autocomplete;related_search;trends
marketing attribution platforms,keyword,attribution,autocomplete
marketing attribution problem,keyword,attribution,autocomplete
marketing attribution software,keyword,attribution,autocomplete;trends
marketing attribution tools,keyword,attribution,autocomplete;related_search;trends
marketing revenue attribution,keyword,attribution,autocomplete
marketing revenue attribution models,keyword,attribution,autocomplete
marketing to revenue attribution,keyword,attribution,discovery
Marketing to revenue attribution example,keyword,attribution,related_search
Marketing to revenue attribution framework,keyword,attribution,related_search
marketing to revenue attribution model,keyword,attribution,autocomplete;discovery
marketing to revenue attribution rules,keyword,attribution,autocomplete
marketing to revenue attribution strategy,keyword,attribution,autocomplete
Multi touch revenue attribution HubSpot,keyword,attribution,related_search
revenue attribution,keyword,attribution,autocomplete;discovery
revenue attribution analysis,keyword,attribution,autocomplete
revenue attribution consultants,keyword,attribution,autocomplete
revenue attribution consultants inc,keyword,attribution,autocomplete
revenue attribution dashboard,keyword,attribution,autocomplete
revenue attribution hubspot,keyword,attribution,autocomplete
revenue attribution meaning,keyword,attribution,autocomplete;related_search
revenue attribution model,keyword,attribution,autocomplete;discovery;trends
Revenue attribution model example,keyword,attribution,related_search
Revenue attribution model formula,keyword,attribution,related_search
Revenue attribution model in marketing,keyword,attribution,related_search
revenue attribution models,keyword,attribution,trends
revenue attribution report,keyword,attribution,autocomplete
revenue attribution software,keyword,attribution,autocomplete
revenue based attribution modeling for online advertising,keyword,attribution,autocomplete
Types of marketing attribution,keyword,attribution,related_search
What information do data dimensions help you access in an attribution report hubspot,keyword,attribution,related_search
what is an attribution model,keyword,attribution,autocomplete;related_search
What is attribution in digital marketing,keyword,attribution,related_search
what is attribution in marketing,keyword,attribution,autocomplete;trends
what is marketing attribution,keyword,attribution,trends
what is revenue attribution,keyword,attribution,autocomplete
Can you give me an example of marketing attribution?,question,attribution,google_paa
Can you provide an example of an attribution model?,question,attribution,google_paa
How does MMM work?,question,attribution,google_paa
How to calculate attributed revenue?,question,attribution,google_paa
What are examples of attribution?,question,attribution,google_paa
What are the best marketing attribution tools?,question,attribution,google_paa
What are the four types of attribution?,question,attribution,google_paa
What does attribution mean in simple terms?,question,attribution,google_paa
What is attributable revenue?,question,attribution,google_paa
What is attribution in marketing?,question,attribution,google_paa
What is MMM in CPG?,question,attribution,google_paa
What is revenue attribution?,question,attribution,google_paa
What's the difference between MTA and MMM?,question,attribution,google_paa
best crm email integration,keyword,crm_integration,autocomplete
best crm for integrations,keyword,crm_integration,autocomplete
best crm gmail integration,keyword,crm_integration,autocomplete
best crm integration with office 365,keyword,crm_integration,autocomplete
best crm integration with outlook,keyword,crm_integration,autocomplete
best crm integration with quickbooks,keyword,crm_integration,autocomplete
best crm integration with shopify,keyword,crm_integration,autocomplete
best crm integration with wordpress,keyword,crm_integration,autocomplete
best crm integration with xero,keyword,crm_integration,autocomplete
can hubspot integrate with salesforce,keyword,crm_integration,autocomplete
connect crm,keyword,crm_integration,autocomplete
connect crm hdfc life,keyword,crm_integration,autocomplete
connect crm system,keyword,crm_integration,autocomplete
connect crm to facebook,keyword,crm_integration,autocomplete
connect crm to facebook ads,keyword,crm_integration,autocomplete
connect crm to facebook leads,keyword,crm_integration,autocomplete
connect crm to google ads,keyword,crm_integration,autocomplete
connect crm to meta,keyword,crm_integration,autocomplete
connect crm to meta ads,keyword,crm_integration,autocomplete
connect crm to sales navigator,keyword,crm_integration,autocomplete
connect crm to website,keyword,crm_integration,autocomplete
connect crm tool,keyword,crm_integration,autocomplete
connect-crm online,keyword,crm_integration,autocomplete
crm consultant,keyword,crm_integration,autocomplete
crm consultant meaning,keyword,crm_integration,autocomplete
crm consultants perth,keyword,crm_integration,autocomplete
crm consultants uk,keyword,crm_integration,autocomplete
CRM full form,keyword,crm_integration,related_search
crm integration,keyword,crm_integration,autocomplete;discovery
crm integration 3cx,keyword,crm_integration,autocomplete;related_search
crm integration api,keyword,crm_integration,autocomplete;discovery;related_search
Crm integration companies,keyword,crm_integration,related_search
crm integration consultant,keyword,crm_integration,autocomplete
Crm integration consultant reddit,keyword,crm_integration,related_search
Crm integration consultant training,keyword,crm_integration,related_search
crm integration example,keyword,crm_integration,autocomplete
Crm integration examples,keyword,crm_integration,related_search
crm integration meaning,keyword,crm_integration,autocomplete
CRM integration Salesforce,keyword,crm_integration,related_search
crm integration services,keyword,crm_integration,autocomplete;discovery;trends
crm integration specialist,keyword,crm_integration,autocomplete
crm integration tools,keyword,crm_integration,autocomplete;discovery;related_search
crm integration with outlook,keyword,crm_integration,autocomplete
crm integration with quickbooks,keyword,crm_integration,autocomplete
CRM meaning,keyword,crm_integration,related_search
CRM software,keyword,crm_integration,related_search
crm software integration,keyword,crm_integration,trends
how to connect crm,keyword,crm_integration,autocomplete
how to connect crm to facebook,keyword,crm_integration,autocomplete
how to connect crm to facebook ads,keyword,crm_integration,autocomplete
how to connect crm to google ads,keyword,crm_integration,autocomplete;discovery
how to connect crm to meta,keyword,crm_integration,autocomplete
how to connect crm to meta ads,keyword,crm_integration,autocomplete;discovery
how to connect crm to meta business suite,keyword,crm_integration,autocomplete
how to connect crm to sales navigator,keyword,crm_integration,autocomplete
how to connect crm to website,keyword,crm_integration,autocomplete
how to connect crm with business manager,keyword,crm_integration,autocomplete
how to connect crm with facebook,keyword,crm_integration,autocomplete
how to connect crm with google ads,keyword,crm_integration,autocomplete
how to connect crm with meta conversion api,keyword,crm_integration,autocomplete
how to integrate crm,keyword,crm_integration,autocomplete
how to integrate crm and erp,keyword,crm_integration,autocomplete;discovery
how to integrate crm with facebook,keyword,crm_integration,autocomplete
how to integrate crm with website,keyword,crm_integration,autocomplete
how to integrate zoho crm with outlook,keyword,crm_integration,autocomplete
how to integrate zoho crm with website,keyword,crm_integration,autocomplete
how to integrate zoho crm with whatsapp,keyword,crm_integration,autocomplete
how to integrate zoho crm with zoho books,keyword,crm_integration,autocomplete
how to integrate zoho crm with zoho campaigns,keyword,crm_integration,autocomplete
how to use crm software,keyword,crm_integration,autocomplete
hubspot crm integration,keyword,crm_integration,discovery;trends
hubspot integration consultant,keyword,crm_integration,autocomplete
hubspot integrations list,keyword,crm_integration,autocomplete
ict system integration consultant,keyword,crm_integration,autocomplete
n8n integration,keyword,crm_integration,trends
salesforce crm integration,keyword,crm_integration,discovery;trends
salesforce integration consultant,keyword,crm_integration,autocomplete;related_search
salesforce integration example,keyword,crm_integration,autocomplete
"Source: Google SERP, Chrome on box (hl=en, gl=us, pws=0)",keyword,crm_integration,related_search
System integration company,keyword,crm_integration,related_search
system integration consulting services,keyword,crm_integration,autocomplete
System integrator companies,keyword,crm_integration,related_search
System integrator meaning,keyword,crm_integration,related_search
systems integration advisor,keyword,crm_integration,autocomplete
systems integration advisor ntt data,keyword,crm_integration,autocomplete
systems integration consultant,keyword,crm_integration,autocomplete
what is a crm consultant,keyword,crm_integration,autocomplete
what is a crm integration,keyword,crm_integration,autocomplete
what is an integration consultant,keyword,crm_integration,autocomplete
what is crm integration,keyword,crm_integration,trends
zoho crm integration,keyword,crm_integration,trends
Can you give me some examples of CRM systems?,question,crm_integration,google_paa
How can I integrate my CRM with Salesforce?,question,crm_integration,google_paa
Is CRM difficult to learn?,question,crm_integration,google_paa
Is Excel a CRM software?,question,crm_integration,google_paa
What are the four types of CRM?,question,crm_integration,google_paa
What are the top 3 CRM tools?,question,crm_integration,google_paa
What does CRM stand for?,question,crm_integration,google_paa
What is the #1 CRM platform?,question,crm_integration,google_paa
What skills are needed for integration?,question,crm_integration,google_paa
Will CRM be replaced by AI?,question,crm_integration,google_paa
automate reporting,keyword,reporting,autocomplete;discovery
Automate reporting examples,keyword,reporting,related_search
automate reporting icon,keyword,reporting,autocomplete
automate reporting in excel,keyword,reporting,autocomplete
automate reporting meaning,keyword,reporting,autocomplete
Automate reporting pdf,keyword,reporting,related_search
Automate reporting template,keyword,reporting,related_search
Automate reporting tools,keyword,reporting,related_search
automate reporting with python,keyword,reporting,autocomplete
automate weekly reporting in excel,keyword,reporting,autocomplete
automate weekly reporting in sap,keyword,reporting,autocomplete
Automated report generation Python,keyword,reporting,related_search
automated reporting alberta works,keyword,reporting,autocomplete
automated reporting for clients,keyword,reporting,autocomplete
automated reporting system,keyword,reporting,autocomplete;related_search
automated reporting tools,keyword,reporting,autocomplete
Automation report template,keyword,reporting,related_search
customer experience reporting,keyword,reporting,autocomplete
customer insights journeys reporting,keyword,reporting,autocomplete
customer journey explained,keyword,reporting,autocomplete
customer journey process,keyword,reporting,autocomplete
customer journey reporting,keyword,reporting,autocomplete
financial reporting automation,keyword,reporting,trends
how to automate reporting,keyword,reporting,autocomplete
how to automate reporting in excel,keyword,reporting,autocomplete
how to automate reporting with ai,keyword,reporting,autocomplete
how to automate reports in sap,keyword,reporting,autocomplete
how to automate reports in servicenow,keyword,reporting,autocomplete
how to automate reports in tableau,keyword,reporting,autocomplete
how to automate reports in workday,keyword,reporting,autocomplete
how to automate reports using python,keyword,reporting,autocomplete
report automation in excel,keyword,reporting,autocomplete;related_search
report automation using python,keyword,reporting,autocomplete
reporting automation,keyword,reporting,autocomplete;discovery
reporting automation analyst,keyword,reporting,autocomplete
Reporting automation examples,keyword,reporting,related_search
Reporting automation framework,keyword,reporting,related_search
reporting automation icon,keyword,reporting,autocomplete
reporting automation meaning,keyword,reporting,autocomplete
reporting automation specialist,keyword,reporting,autocomplete
Reporting automation template,keyword,reporting,related_search
reporting automation tools,keyword,reporting,autocomplete;related_search
single source of truth examples,keyword,reporting,autocomplete
single source of truth reporting,keyword,reporting,autocomplete;discovery
what are the steps in customer journey,keyword,reporting,autocomplete
what is meant by single source of truth,keyword,reporting,autocomplete
what is the single source of truth for reporting workplace violence,keyword,reporting,autocomplete
How can I automate reports in Excel?,question,reporting,google_paa
How to automate financial reporting?,question,reporting,google_paa
How to automate reporting process?,question,reporting,google_paa
What are the three different types of reporting?,question,reporting,google_paa
What are the top 5 reporting tools?,question,reporting,google_paa
"What does ""reporting automation"" mean?",question,reporting,google_paa
What does it mean to automate a report?,question,reporting,google_paa
What is automated reporting?,question,reporting,google_paa
crm automation,keyword,automation,autocomplete;discovery
crm automation course,keyword,automation,autocomplete;related_search
Crm automation examples,keyword,automation,related_search
crm automation full form,keyword,automation,autocomplete
crm automation meaning,keyword,automation,autocomplete
crm automation services,keyword,automation,autocomplete
crm automation specialist,keyword,automation,autocomplete;related_search
crm automation tools,keyword,automation,autocomplete
lead routing,keyword,automation,autocomplete;discovery
Lead routing example,keyword,automation,related_search
lead routing hubspot,keyword,automation,autocomplete
lead routing in salesforce,keyword,automation,autocomplete;discovery
lead routing meaning,keyword,automation,autocomplete
lead routing platform,keyword,automation,autocomplete
lead routing salesforce,keyword,automation,trends
lead routing software,keyword,automation,autocomplete
lead routing software salesforce,keyword,automation,autocomplete
lead routing software solutions,keyword,automation,autocomplete
lead routing system,keyword,automation,autocomplete
Lead routing template,keyword,automation,related_search
lead routing tools,keyword,automation,autocomplete
How do I implement lead routing in HubSpot?,question,automation,google_paa
"What are lead routing and scoring, and how do they work together?",question,automation,google_paa
What does lead routing mean?,question,automation,google_paa
What is lead routing in Salesforce and how does it work?,question,automation,google_paa
automate reporting in power bi,keyword,platform,autocomplete;discovery
automate weekly reporting in power bi,keyword,platform,autocomplete
automate weekly reporting in salesforce,keyword,platform,autocomplete
connect crm to power bi,keyword,platform,autocomplete
crm automation n8n,keyword,platform,autocomplete;discovery;related_search
customer journey reporting hubspot,keyword,platform,autocomplete
github n8n,keyword,platform,trends
Go High Level,keyword,platform,related_search;trends
gohighlevel api,keyword,platform,trends
gohighlevel consultant,keyword,platform,autocomplete;discovery
gohighlevel consultant pricing,keyword,platform,autocomplete
Gohighlevel consultant reddit,keyword,platform,related_search
Gohighlevel consultant reviews,keyword,platform,related_search
gohighlevel consultant uk,keyword,platform,autocomplete
gohighlevel crm,keyword,platform,trends
gohighlevel expert,keyword,platform,autocomplete
gohighlevel expert gilbert upwork,keyword,platform,autocomplete
gohighlevel expert hiring,keyword,platform,autocomplete
gohighlevel expert in uk,keyword,platform,autocomplete
gohighlevel expert service,keyword,platform,autocomplete
gohighlevel expert startup crm marketing,keyword,platform,autocomplete
gohighlevel expert team,keyword,platform,autocomplete
gohighlevel expert upwork,keyword,platform,autocomplete
gohighlevel features,keyword,platform,trends
gohighlevel price,keyword,platform,trends
gohighlevel pricing,keyword,platform,discovery;trends
gohighlevel review,keyword,platform,trends
gohighlevel reviews,keyword,platform,trends
gohighlevel saas,keyword,platform,trends
gohighlevel support,keyword,platform,trends
how to automate reporting in power bi,keyword,platform,autocomplete
how to automate reports in salesforce,keyword,platform,autocomplete
how to connect crm to power bi,keyword,platform,autocomplete;discovery
how to connect crm with power bi,keyword,platform,autocomplete
hubspot crm,keyword,platform,trends
hubspot revops consultant,keyword,platform,autocomplete
n8n ai,keyword,platform,discovery;trends
n8n ai agent,keyword,platform,trends
n8n ai consultant,keyword,platform,autocomplete
n8n api,keyword,platform,trends
n8n automation,keyword,platform,trends
n8n automation consultant,keyword,platform,autocomplete
n8n cloud,keyword,platform,trends
n8n code,keyword,platform,trends
n8n community,keyword,platform,trends
n8n consultant,keyword,platform,discovery
n8n consultant australia,keyword,platform,autocomplete
N8n consultant certification,keyword,platform,related_search
n8n consultants,keyword,platform,autocomplete
n8n cost,keyword,platform,trends
n8n docker,keyword,platform,trends
n8n docs,keyword,platform,trends
n8n documentation,keyword,platform,trends
n8n expert,keyword,platform,autocomplete
n8n expert certification,keyword,platform,autocomplete;related_search
n8n expert fiverr,keyword,platform,autocomplete
n8n expert nepal,keyword,platform,autocomplete
n8n expert partner,keyword,platform,autocomplete
n8n expert partner certification,keyword,platform,autocomplete
n8n expert partner program,keyword,platform,autocomplete;related_search
n8n expert upwork,keyword,platform,autocomplete;related_search
N8n experts,keyword,platform,related_search
n8n free,keyword,platform,trends
n8n local,keyword,platform,trends
n8n news,keyword,platform,trends
n8n online,keyword,platform,trends
N8n partner,keyword,platform,related_search
n8n pricing,keyword,platform,trends
n8n vs openclaw,keyword,platform,discovery;trends
n8n workflow,keyword,platform,trends
n8n workflow automation,keyword,platform,trends
n8n workflow consultant,keyword,platform,autocomplete;discovery
n8n workflows,keyword,platform,trends
report automation in power bi,keyword,platform,autocomplete
salesforce revops consultants,keyword,platform,autocomplete
what is gohighlevel,keyword,platform,trends
what is n8n,keyword,platform,trends
Zoho CRM,keyword,platform,related_search;trends
Zoho CRM automation,keyword,platform,related_search
How long does it take to learn GoHighLevel?,question,platform,google_paa
How much is GoHighLevel per month?,question,platform,google_paa
Is GoHighLevel difficult to learn?,question,platform,google_paa
Is there anything better than GoHighLevel?,question,platform,google_paa
What exactly is GoHighLevel?,question,platform,google_paa
automation consultant,keyword,consultant,autocomplete
automation consultants ltd,keyword,consultant,autocomplete
automation consultants reading,keyword,consultant,autocomplete
BI Consulting company,keyword,consultant,related_search
Business intelligence consultant course,keyword,consultant,related_search
Business intelligence consultant reddit,keyword,consultant,related_search
consultante revenue operations,keyword,consultant,autocomplete
consultante revops,keyword,consultant,autocomplete
consulting companies in namibia,keyword,consultant,autocomplete
consulting with or consulting for,keyword,consultant,autocomplete
Data analytics consulting firms,keyword,consultant,related_search
data automation consultant,keyword,consultant,autocomplete
Data Consultant,keyword,consultant,related_search
Data consulting services,keyword,consultant,related_search
fractional revops consultant,keyword,consultant,autocomplete;discovery
Fractional revops consultant certification,keyword,consultant,related_search
Fractional revops consultant reddit,keyword,consultant,related_search
Fractional revops consultant reviews,keyword,consultant,related_search
go nimbly revops consultant,keyword,consultant,autocomplete
Ibm data analyst consultant,keyword,consultant,related_search
IBM data Consultant,keyword,consultant,related_search
marketing and data automation consultant,keyword,consultant,autocomplete
revenue operations consultant,keyword,consultant,autocomplete
revenue operations consulting firms,keyword,consultant,autocomplete
revenue operations consulting limited,keyword,consultant,autocomplete
revenue operations consulting services,keyword,consultant,autocomplete
revops,keyword,consultant,autocomplete
revops ai,keyword,consultant,autocomplete
revops analyst,keyword,consultant,autocomplete
RevOps as a Service,keyword,consultant,related_search
revops consultant,keyword,consultant,autocomplete
Revops consultant reddit,keyword,consultant,related_search
revops consulting,keyword,consultant,autocomplete;discovery;related_search
revops coop,keyword,consultant,autocomplete
Revops coop membership,keyword,consultant,related_search
RevOps freelance,keyword,consultant,related_search
revops manager,keyword,consultant,autocomplete
revops meaning,keyword,consultant,autocomplete;related_search
saas revops consultants,keyword,consultant,autocomplete
Scaled consulting,keyword,consultant,related_search
senior revenue operations consultant,keyword,consultant,autocomplete
Skaled consulting,keyword,consultant,related_search
Think RevOps,keyword,consultant,related_search
what is consulting revenue,keyword,consultant,autocomplete
what is revenue operations,keyword,consultant,autocomplete
which is the best consultancy for canada,keyword,consultant,autocomplete
Do consultants get paid a lot?,question,consultant,google_paa
How do you get into RevOps?,question,consultant,google_paa
How much do RevOps make?,question,consultant,google_paa
How much does a RevOps analyst make?,question,consultant,google_paa
Is $100 an hour good for consulting?,question,consultant,google_paa
Is 30 too old to get into consulting?,question,consultant,google_paa
Is consultant higher than analyst?,question,consultant,google_paa
Is consultant higher than engineer?,question,consultant,google_paa
Is IT hard to be an IT consultant?,question,consultant,google_paa
Is RevOps the same as sales ops?,question,consultant,google_paa
What does RevOps actually do?,question,consultant,google_paa
What is a reasonable consulting fee?,question,consultant,google_paa
What is RevOps vs DevOps?,question,consultant,google_paa
What is the rule of 3 in consulting?,question,consultant,google_paa
Can I make 200k as a data analyst?,question,other,google_paa
How many leads turn into sales?,question,other,google_paa
How much do fractional sales leaders make?,question,other,google_paa
Is automation replaced by AI?,question,other,google_paa
Is business intelligence good pay?,question,other,google_paa
Is business intelligence still in demand?,question,other,google_paa
No CAPTCHA / unusual-traffic page encountered on any of the 9 URLs.,question,other,google_paa
What are the four types of automation?,question,other,google_paa
What are the three types of routing?,question,other,google_paa
What are the top 5 automation tools?,question,other,google_paa
What is a B2B revenue model?,question,other,google_paa
What is the formula to calculate revenue?,question,other,google_paa
What skills do you need for business intelligence?,question,other,google_paa
Will AI replace a data analyst?,question,other,google_paa
